1;Victor;Santos;victorsantos1000@gmail.com;37255748805;São Paulo;SC;960648826
4;Anderson;Fernando;davifernandoteixeira@rmsolutions.inf.br;12031010824;Frutal do Campo;SP;18982476349
5;Samuel ;Edson ;samuel-dias89@mmarques.com;77270920885;Praia Grande;SP;1836003301
6;Pedro;Henrique;pedro-duarte93@bidoul.eng.br;77057421877;Santo Andre;SP;18982688211
7;Kaique ;Ryan ;kaiqueryanfreitas@premierpet.com.br;19435632840;Fluminense;RJ;1835848508
10;Alexandre ;Vitor ;alexandre_jesus@iahoo.com;95426680825;Frutal do Campo;SP;18987140190
